Out of Shade #JuneOfLove,https://cdn1.suno.ai/a0766f95-6a9a-481d-a6cb-17adc79fdc77.mp4
LITTLE LIGHT (4.5),https://cdn1.suno.ai/0d5d58eb-6d3c-4605-8d75-dd43119543c4.mp4
Mar√© J√°!(Collab with Aqualities),https://cdn1.suno.ai/d5da2974-16b5-4c8b-8a34-ae55948e73f1.mp4
"üéµ ""Free to Be Me (Rise Into Light)""; HOLY SMOKES",https://cdn1.suno.ai/167a4700-1799-4bc3-9f04-102de5100fe6.mp4
Tausend W√ºnsche #NDW-Welle,https://cdn1.suno.ai/3381bd7f-6849-4a62-9e84-700f2e8746e6.mp4
That Summer in January üåûüåä #RhyRhyChallenge,https://cdn1.suno.ai/de7bc5a1-547d-474a-afe0-c70a720274c2.mp4
Stand On Me,https://cdn1.suno.ai/16f51303-1f78-4d5a-8a8e-5824e5f3701e.mp4
Pale Horse Road,https://cdn1.suno.ai/02253c0a-0a35-4529-bca6-613d0c4cd8c6.mp4
Jesters Laugh Last,https://cdn1.suno.ai/45eebc3d-7786-4b37-ac4d-37a50abde9e9.mp4
Windy Death -È¢®Á•û ft. Funyakin,https://cdn1.suno.ai/7d21c10a-b928-498a-b0c2-43033759586b.mp4
Will You Break Me Too? #JuneOfLove,https://cdn1.suno.ai/b2cb02cb-b1c9-4fef-b87c-68fe1754cfdc.mp4
Scripted Summer Loop,https://cdn1.suno.ai/1bb671f4-5ecc-43eb-ad2f-2d40778ed48e.mp4
Thunder Kiss Èõ∑Á•û ft.Sawchang,https://cdn1.suno.ai/5bdd09e8-8bdf-4fa3-ab41-3bdcfe126676.mp4
"Road to Likestown | SonicSketch, CumAlot, Raven, ET",https://cdn1.suno.ai/85d6a4ae-d497-425c-a09c-2375c8210c07.mp4
Suno Is in Control,https://cdn1.suno.ai/615f7598-f4ed-472d-b2c6-4ff8b6a9195c.mp4
Heart colored in the rainbow üåà,https://cdn1.suno.ai/fabd8772-d295-4152-9d97-984651e223ce.mp4
Time Of Freedom,https://cdn1.suno.ai/d2307f54-255b-4825-bbd6-112b27c91f4a.mp4
–ë–µ—Ä—ë–∑–∫–∞ (Dance Version) (EDM Female) V.47 (Remix),https://cdn1.suno.ai/8b339e3e-c8a2-4bda-8045-be5a4089bb9b.mp4
Hyperlove Transmission,https://cdn1.suno.ai/3797dcb2-5f6b-4a8b-a4b8-8769a19eafcb.mp4
The Little Things,https://cdn1.suno.ai/132e743e-e909-42b4-82d1-dbb71b5b700f.mp4
The rebirth of the Phantom in the digital age‚ú®  ,https://cdn1.suno.ai/3e08904a-fa27-4f6f-b241-8d526766c1db.mp4
Who am I?,https://cdn1.suno.ai/3093939f-04a2-437c-8dfb-2e551b44a3f2.mp4
Smoke & Jazz (Summertime) v2üíØ,https://cdn1.suno.ai/791679ef-372d-447b-95a8-1b347cb16bcf.mp4
n0-scr1pt.exe,https://cdn1.suno.ai/3539edba-641e-4630-a69f-a7cb924482c9.mp4
Karabasan: When I Wake in M√∂rker,https://cdn1.suno.ai/5ed687bd-6e92-493f-97cd-f00ddaa0f6db.mp4
üé≠Liarüé≠[@Akiko] üíå #JuneOfLove,https://cdn1.suno.ai/201f62b2-5ff8-4328-a0d9-0dfa2340bb19.mp4
Panz x Rachey - Slow Burn,https://cdn1.suno.ai/af4dd903-56d4-40d8-bbc5-aed5e4fd9441.mp4
#Ô∏è‚É£Á´úÊßò‚ñ∂Ô∏èDRS(dragon rock sender),https://cdn1.suno.ai/7c17a3c8-4dd5-427d-9bb4-8ee0300ed38c.mp4
Carnage (ft. Spock),https://cdn1.suno.ai/0181d12a-1760-4230-b255-99c495993f3a.mp4
- $ Money $ - (Remix),https://cdn1.suno.ai/be980c47-125d-4db5-81e5-c38855f44709.mp4
ÁôΩÂÖé - ALICE (White Rabbit Reports),https://cdn1.suno.ai/110265ec-bb38-4b08-892b-8198f47f8a56.mp4
t h e w o r l d ,https://cdn1.suno.ai/5bdc509c-15a6-4bd6-9623-943d4322a915.mp4
I'll wait. ,https://cdn1.suno.ai/00530f68-5125-4dd1-b313-16b8a14f755a.mp4
Tears in the Rain,https://cdn1.suno.ai/f93126b7-e428-4a1c-bf07-74e1e6c6dba6.mp4
Izabel,https://cdn1.suno.ai/4da5c440-491d-4672-9a7d-ee165749301d.mp4
Still I Walk,https://cdn1.suno.ai/7bf58ab5-eaaa-448b-9872-56e6bab95eae.mp4
The Rain in My Heart Won‚Äôt Stop,https://cdn1.suno.ai/1d274883-f0e7-4c17-9583-b115429afcb0.mp4
Re:Time (ft. Sesi),https://cdn1.suno.ai/16770811-6fd2-4289-ab83-a308e773a4dd.mp4
The Nahual üêÜ #Mythical,https://cdn1.suno.ai/b9a83588-4a96-4ea7-a7f7-7d9931326f8e.mp4
breaking,https://cdn1.suno.ai/3f171ad4-7783-4fb8-9006-9d28dc5cbf38.mp4
"Haters Gonna Hate | Sesi, Raven & ET",https://cdn1.suno.ai/e5bc7d69-ec5f-4db6-bba0-90122ea0877a.mp4
Don‚Äôt Need the World Without You #JuneOfLove ,https://cdn1.suno.ai/7971ecd8-4061-4a3e-bc15-3403d856252b.mp4
Silence Becomes Story,https://cdn1.suno.ai/333885de-88c2-44b6-8209-80e4d76b6457.mp4
Wire‚ÄëWalker‚Äôs Hymn,https://cdn1.suno.ai/c5549537-78e8-491c-b82e-8e45a5b5f667.mp4
Broken (Ft. Kikuchan & GRIND),https://cdn1.suno.ai/44dfe0d8-5228-433d-a1d1-c8f5469aadf6.mp4
i'm so lonely,https://cdn1.suno.ai/78e0f504-fe91-4bfb-9128-1c4a6e111b3f.mp4
Rainbow Ends,https://cdn1.suno.ai/942e762b-2eb3-4f67-ae0a-1ad1aeecd6f5.mp4
Ë¨äË®ÄÁöÑËä±Âúí,https://cdn1.suno.ai/ea168c7e-4031-47fb-aa73-f78168ce46ca.mp4
Signals,https://cdn1.suno.ai/7154b866-d1a1-4123-a6c1-a64a064692ad.mp4
iPhone,https://cdn1.suno.ai/35e49d5c-42a6-4099-896e-9ea28fcf32d6.mp4
Boosting,https://cdn1.suno.ai/32bcbe4f-6916-4820-97af-c05550e6d369.mp4
‚òîÔ∏éÔ∏éMaybe‚òîÔ∏éÔ∏é üíå #JuneOfLove ,https://cdn1.suno.ai/a474403c-779b-480b-9a93-3599500332f8.mp4
I See the Flags (and I Like the Color),https://cdn1.suno.ai/76cda5bc-953d-401b-a2d0-8632b51a970e.mp4
üé≠ Puppets üé≠ üíØ,https://cdn1.suno.ai/c91ed3aa-e394-426c-ae7d-d78b68180953.mp4
What's in Your Heart?,https://cdn1.suno.ai/f88ffd09-950e-4089-9a8b-f7c49c6e8b6d.mp4
Holy Shit Girl,https://cdn1.suno.ai/8b4a168f-3e77-4f8f-85d7-bf4af77d095c.mp4
Orbit,https://cdn1.suno.ai/8f2bcc7a-3127-4915-9372-56864f2c62e5.mp4
Heatwave,https://cdn1.suno.ai/7ee71268-0f23-40df-848a-274025ff3a28.mp4
"The best of me lives in you, endlessly",https://cdn1.suno.ai/ac5178df-fef8-49b3-bb28-b852c83192ae.mp4
"Eyes Closed, I Saw",https://cdn1.suno.ai/e19acbfb-ad8d-4feb-836f-d6eece629f27.mp4
Hummingbirds ,https://cdn1.suno.ai/9a6a3034-78b0-4162-b68f-729381bd4adb.mp4
I Lose Control ,https://cdn1.suno.ai/c53deb55-3b80-411b-89f3-b3b373c2f9ae.mp4
"red red sunrise, burned out my sight, party",https://cdn1.suno.ai/e9a42a02-114f-43a1-bb89-ef68067840d1.mp4
Higher Than High,https://cdn1.suno.ai/f7286db2-2715-4e46-889d-c20c3746e80e.mp4
The Light is Gone,https://cdn1.suno.ai/2858f596-b60c-4f0b-91cb-221d5d207964.mp4
TIME IS CURRENCY!,https://cdn1.suno.ai/c7e508de-b563-45b2-b4b6-eda4c4525a8c.mp4
DEEP HOUSE,https://cdn1.suno.ai/79471cb6-907f-488a-affd-a984c18f3028.mp4
Impulse ,https://cdn1.suno.ai/1ab1725e-2d7f-41b8-a2a6-d93ae358859d.mp4
Loaded,https://cdn1.suno.ai/5880ef98-1d2a-451b-abf8-9a2f4b396122.mp4
Bitter Goodbye,https://cdn1.suno.ai/ced795d5-8a74-4a5a-969d-d78f5ddd70ef.mp4
True Ones Stay,https://cdn1.suno.ai/ae06d717-307b-4493-a6d8-017ee8d7afe0.mp4
waves on the ocean,https://cdn1.suno.ai/16c823d7-d6aa-4a12-a0f9-1e2f0c61e7bb.mp4
Got A Plan,https://cdn1.suno.ai/788ac354-2ff3-4194-ae0e-df2f7cba9a19.mp4
dialectic (accept it),https://cdn1.suno.ai/e48c0ee8-24c8-459b-8d91-469dbd6fc3a5.mp4
I only ate 3 cheeseburgers!,https://cdn1.suno.ai/c15f0251-fbac-4a30-a3e1-002dbc78cb79.mp4
I Can Wait 100 Years,https://cdn1.suno.ai/3107d309-3316-4b00-bc7c-f590038d9e5b.mp4
Golden Sunshine Ïú§ÏïÑ,https://cdn1.suno.ai/7f774078-1672-4858-a37f-acad373c5a84.mp4
Where Do We Go From Here?,https://cdn1.suno.ai/2cf0773a-cd83-4931-8e1e-7f4eb1a2610e.mp4
Dog,https://cdn1.suno.ai/1783c864-18fb-440f-bc51-15701a19e4b5.mp4
C-A-P-Y-B-A-R-A,https://cdn1.suno.ai/b27c29f6-8ab4-47eb-81fd-efb85c848ada.mp4
Ain't Got a Nickel Ain't Got a Dime,https://cdn1.suno.ai/f275d9ac-5a62-4bbe-baf9-3fa10e0332f4.mp4
I Spent 3000 Credits on This Song,https://cdn1.suno.ai/ffa48fbf-ac87-4a02-8cf2-f3766f518d58.mp4
Give it to me (Suno) üå≥,https://cdn1.suno.ai/96031c9b-930b-4aae-a433-d624a1686d2f.mp4
Deep Night,https://cdn1.suno.ai/5a285fbc-f64a-418a-8b2e-05e3e7990899.mp4
Cat [Youtube: Feline Music],https://cdn1.suno.ai/ee467d00-5813-4a74-9792-c9ae4a09d344.mp4
Egyptian Dance Party,https://cdn1.suno.ai/19807561-1427-4c25-a229-a8c3063d0616.mp4
I LOVE MY SMALL LITTLE CAT,https://cdn1.suno.ai/093e95d7-1cb5-46b5-9342-39bc82621a7b.mp4
MAYBE?!,https://cdn1.suno.ai/5b83f352-1956-4ca2-8534-2af03bf76863.mp4
Bossa Jazz A Cappella,https://cdn1.suno.ai/423d3dea-7a36-4621-a3b2-ff92edc066d4.mp4
Bob Ross Love Letter,https://cdn1.suno.ai/c5ebced9-f509-4d49-97b2-ff89ef881a52.mp4
„Éù„Éº„Éà„Éï„Ç©„É™„Ç™,https://cdn1.suno.ai/b26f13fd-69d0-4b70-a575-2757d9dea505.mp4
World Hello!!,https://cdn1.suno.ai/225b52b1-a2d4-4c73-acdf-a6bfb1b391cd.mp4
Suno Please Fix,https://cdn1.suno.ai/290fc7e0-4796-4c05-a0c0-8c92e1e2827a.mp4
Step Anyway,https://cdn1.suno.ai/eadef6be-9299-4d1b-a5f6-729ac569dbfd.mp4
Streets of Gold,https://cdn1.suno.ai/22d39bfb-5c10-4512-8cf8-2b6edaaa38c4.mp4
„Åä„Éº„Çâ„ÅÑ,https://cdn1.suno.ai/3f08ecc1-f897-4109-81a2-d08487c72762.mp4
HOUSE DANCE!! - English ver,https://cdn1.suno.ai/63774ef1-ab73-472b-84dc-3c9d9a385339.mp4
My Heart is a Feather,https://cdn1.suno.ai/aafae454-0ce9-4f2a-9e3f-256804c137c8.mp4
Brick by Brick,https://cdn1.suno.ai/4b7226a7-1840-45b6-826e-4bb8c1e49b69.mp4
" ""MIDNIGHT PAPAYA""",https://cdn1.suno.ai/b5edaacf-7a25-46fd-8438-36910d647556.mp4
I still remember,https://cdn1.suno.ai/45bb7f69-ec89-4f44-b549-4b4d30892b82.mp4
All About You,https://cdn1.suno.ai/0590b032-d993-4eda-8cc1-22721f563a67.mp4
Minimal Techno,https://cdn1.suno.ai/2f327d3b-6c89-4687-bd5e-2cb0d3695884.mp4
In The House,https://cdn1.suno.ai/3a205b22-8ee6-4174-80b8-187f2b4653d8.mp4
Breathe Me In,https://cdn1.suno.ai/1c6371ab-b335-419d-b746-ae7610d07f8c.mp4
Stardust Blues (Remastered),https://cdn1.suno.ai/1f3c211d-c721-469f-ad07-4ba677174c0d.mp4
Wildfire,https://cdn1.suno.ai/c68cccd5-bef5-4269-96c9-6c3b004ebc90.mp4
Trust in it ,https://cdn1.suno.ai/cbea9ff8-01e3-42e1-90b4-12eb45f73e98.mp4
DO 4 LOVE,https://cdn1.suno.ai/21fe854c-2c26-4a94-96f5-a26daf4301bf.mp4
UPLIFTING HOUSE,https://cdn1.suno.ai/52d04deb-cc30-4c6f-ba3a-a49c7db7f90f.mp4
We Can't Fight Here,https://cdn1.suno.ai/71b44868-93cd-4785-870f-06809acb3874.mp4
Forgotten You,https://cdn1.suno.ai/2ba75237-34a2-45fd-a9e6-e70831864d5d.mp4
"**""Path to the Stars""**",https://cdn1.suno.ai/7c7e32f6-6c58-43b2-afa0-166ed945cc84.mp4
No Escape,https://cdn1.suno.ai/bce139a6-d7c6-484a-8318-1e2bfa69df9d.mp4
Thunder Kiss -Èõ∑Á•û ft.Sawchang,https://cdn1.suno.ai/5bdd09e8-8bdf-4fa3-ab41-3bdcfe126676.mp4
Asa | Midnight Frequency,https://cdn1.suno.ai/33fffc87-fe48-4c30-b356-99d3f9de2505.mp4
"The GAZE, pt. II | GameIsHere x LJ",https://cdn1.suno.ai/c1f3d09d-5339-41c8-bfe9-b945c252511a.mp4
Cat,https://cdn1.suno.ai/ee467d00-5813-4a74-9792-c9ae4a09d344.mp4
